User,Message
Stickbug,Stickbug just became a member!
Deivisson ,"R$10.00 from Deivisson : ""Hello speed Sou do Brasil ğŸ‡§ğŸ‡· Um AbraÃ§o irmÃ£o"""
YTKing,YTKing just became a member!
Hazereki,DOWN NELK BOYS
bratic ,Zr7 SUNDAY LEAGUE TOP SCOEREE
bacon but rich,nooooooooooooooooooooooooooooooooooooooooooooooooooooo only cr7 only ronaldo siuuuuuuuuuuuuuuuuuuuuuuuuuuuuuuuuuuuuuuuuuuuuuuuuuuuuuuuuuuuu
HIMMOTHY ,l
#ur. the maestro#,hi i'm cristiano
Sasukeonigiri,Lol
Mogul,Sydney takeover and tts on
HIMMOTHY ,l
NodnarbHD,missed dap lmao
WanderBread,BHAHAHAAHHA
Aaron,lmaoooo
Ilavarasan D,l
Black Shark,L
BARBERWORLD2025,Crimson chin lmaoooo
Rafael Rodriguez,L
CFoeDrenchEm64,L
HIMMOTHY ,l
Arak,ğŸ§ƒ
ijustwoahcup,ALR DAMN BRUH MET HIM SHOWERRRR
jejox,ğŸ¤£ğŸ¤£ğŸ¤£ğŸ¤£
Jay Boy,Ass
Ñ‚oÑ•hÎ¹,SYDNEY TAKEOVER
soulvesster,Lol
Robert Waked,HAHAHAHHAHA
prodxHEC,Cheeks-r7
ğ”»ğ•–ğ•’ğ••â„™ğ•™ğ•šğ•¤ğ•™â„‚ğ•™ğ•–ğ•–ğ•¤ğ•–ğ•Šğ•¡ğ•£ğ•–ğ•’ğ••,My UFO documentary premieres in 40 minutes The Orange OrbsğŸŸ 
ã€ŠFHDã€‹,Sleep men
Sameer Jadhav,SYDNEY TAKEOVER AND TTS ON SYDNEY TAKEOVER AND TTS ON SYDNEY TAKEOVER AND TTS ON SYDNEY TAKEOVER AND TTS ON SYDNEY TAKEOVER AND TTS ON SYDNEY TAKEOVER AND TTS ON SYDNEY TAKEOVER AND TTS ON
Axsax,Axsax just became a member!
cannibalism4you,L
Aaron,L dap up
Arak,L
SATISFY,wow hanging
ğ•Šğ•ğ”¹ğ”¸ğ•Œ,the AI trolled with the AD
HIMMOTHY ,looooooolllll
Mogul,Sydney takeover and tts on
SHiNE2107,LOLOLOL
pnmcrw,I can't find Losertv_
RyGuySketched,Speed itâ€™s me Ryguysketched
777x,Ads every 45 sec
Larry P,hanging
Timothy,AIRED DAP
Ñ‚oÑ•hÎ¹,SYDNEY TAKEOVER
Arak,L
L J,where he at lmao
Tusmaki yuda,uo
JayZu,LEGT HANING
Joseph D,This McDonalds ad is driving me insane
713shakE,left him hanging LoL ğŸ˜‚
ë”ë¹µë”ë¹µ,NBA Show Speed
Lilmeachgetemgone,ğŸ˜‚ğŸ˜‚ğŸ˜‚ğŸ˜‚
StreamElements,Axsax (Axsax) just became a sponsor!
HIMMOTHY ,l
Kioshi,L
Juan Jr ,ğŸ˜­ğŸ˜­ğŸ˜­ğŸ˜­ğŸ˜­ğŸ˜­ğŸ˜­ğŸ˜­ğŸ˜­ğŸ˜­ğŸ˜­
Sameer Jadhav,SYDNEY TAKEOVER AND TTS ON SYDNEY TAKEOVER AND TTS ON SYDNEY TAKEOVER AND TTS ON SYDNEY TAKEOVER AND TTS ON SYDNEY TAKEOVER AND TTS ON SYDNEY TAKEOVER AND TTS ON SYDNEY TAKEOVER AND TTS ON
Mogul,Sydney takeover and tts on
Darek Dziatko,L
Robert Waked,BRO IS CRYING
Eleazar Kharlukhi,ğŸ˜‚ğŸ˜‚
JXZ2,What's with the Nazi's in chat?
NOT YOUR TYPE Clips,lol
MafiaKings,Speed take a break Pls heal you been seeming very unsettled lately
FAETHFLEX,"CHAT, SPEED READS EVERY MESSAGE."
Larry ğŸ…¥,w friends
guyisku58,Visit the Michael Jackson house in INDIANA!
Nevandio Hera,l
Jake Kilroy,Hahahaha Boykins speedy
Franco Fone,l kids
Dilemma Al  Zutt ,W Security
Nevandio Hera,l;
Papo Papa Potato,Dammmm bro just like that
Jacob Diaz,LMAOOO
userr ,98.6 degrees in my body
Black Shark,L
Stickbug,Stickbug just became a member!
Deivisson ,"R$10.00 from Deivisson : ""Hello speed Sou do Brasil ğŸ‡§ğŸ‡· Um AbraÃ§o irmÃ£o"""
YTKing,YTKing just became a member!
jejox,ğŸ¤£ğŸ¤£ğŸ¤£ğŸ¤£
Jay Boy,Ass
Ñ‚oÑ•hÎ¹,SYDNEY TAKEOVER
soulvesster,Lol
Robert Waked,HAHAHAHHAHA
prodxHEC,Cheeks-r7
ğ”»ğ•–ğ•’ğ••â„™ğ•™ğ•šğ•¤ğ•™â„‚ğ•™ğ•–ğ•–ğ•¤ğ•–ğ•Šğ•¡ğ•£ğ•–ğ•’ğ••,My UFO documentary premieres in 40 minutes The Orange OrbsğŸŸ 
ã€ŠFHDã€‹,Sleep men
Sameer Jadhav,SYDNEY TAKEOVER AND TTS ON SYDNEY TAKEOVER AND TTS ON SYDNEY TAKEOVER AND TTS ON SYDNEY TAKEOVER AND TTS ON SYDNEY TAKEOVER AND TTS ON SYDNEY TAKEOVER AND TTS ON SYDNEY TAKEOVER AND TTS ON
Axsax,Axsax just became a member!
cannibalism4you,L
Aaron,L dap up
Arak,L
SATISFY,wow hanging
ğ•Šğ•ğ”¹ğ”¸ğ•Œ,the AI trolled with the AD
HIMMOTHY ,looooooolllll
Mogul,Sydney takeover and tts on
SHiNE2107,LOLOLOL
pnmcrw,I can't find Losertv_
RyGuySketched,Speed itâ€™s me Ryguysketched
777x,Ads every 45 sec
Larry P,hanging
Timothy,AIRED DAP
Ñ‚oÑ•hÎ¹,SYDNEY TAKEOVER
Arak,L
L J,where he at lmao
Tusmaki yuda,uo
JayZu,LEGT HANING
Joseph D,This McDonalds ad is driving me insane
713shakE,left him hanging LoL ğŸ˜‚
ë”ë¹µë”ë¹µ,NBA Show Speed
Lilmeachgetemgone,ğŸ˜‚ğŸ˜‚ğŸ˜‚ğŸ˜‚
StreamElements,Axsax (Axsax) just became a sponsor!
HIMMOTHY ,l
Kioshi,L
Juan Jr ,ğŸ˜­ğŸ˜­ğŸ˜­ğŸ˜­ğŸ˜­ğŸ˜­ğŸ˜­ğŸ˜­ğŸ˜­ğŸ˜­ğŸ˜­
Sameer Jadhav,SYDNEY TAKEOVER AND TTS ON SYDNEY TAKEOVER AND TTS ON SYDNEY TAKEOVER AND TTS ON SYDNEY TAKEOVER AND TTS ON SYDNEY TAKEOVER AND TTS ON SYDNEY TAKEOVER AND TTS ON SYDNEY TAKEOVER AND TTS ON
Mogul,Sydney takeover and tts on
Darek Dziatko,L
Robert Waked,BRO IS CRYING
Eleazar Kharlukhi,ğŸ˜‚ğŸ˜‚
JXZ2,What's with the Nazi's in chat?
NOT YOUR TYPE Clips,lol
MafiaKings,Speed take a break Pls heal you been seeming very unsettled lately
FAETHFLEX,"CHAT, SPEED READS EVERY MESSAGE."
Larry ğŸ…¥,w friends
guyisku58,Visit the Michael Jackson house in INDIANA!
Nevandio Hera,l
Jake Kilroy,Hahahaha Boykins speedy
Franco Fone,l kids
Dilemma Al  Zutt ,W Security
Nevandio Hera,l;
Papo Papa Potato,Dammmm bro just like that
Jacob Diaz,LMAOOO
userr ,98.6 degrees in my body
Black Shark,L
Nitin Roy,L
VEGASDIDIT,I KNOW THAT KID WTFF
Jay Boy,Speed better
Lilmeachgetemgone,da dap
Sameer Jadhav,SYDNEY TAKEOVER AND TTS ON SYDNEY TAKEOVER AND TTS ON SYDNEY TAKEOVER AND TTS ON SYDNEY TAKEOVER AND TTS ON SYDNEY TAKEOVER AND TTS ON SYDNEY TAKEOVER AND TTS ON SYDNEY TAKEOVER AND TTS ON
Nothing Speed,ğŸ’€ğŸ’€ğŸ’€ğŸ’€
Jeremy Todd Brochu,SPEED SYBAU
Kakashi Kakashi,w henry
JOES SECRET GARDEN,LOL
sam,left bro hnlanging
Tech,HANGING
mr.2ey,HE GONE CRY LMAO
Randy Kitchleburger,get cha shoes boy
Nabil Alazar,Nabil Alazar just became a member!
Jamir Ellis,Go in
Nitin Roy,L
Eleazar Kharlukhi,left bro hanging
VEGASDIDIT,WTFFF
Bowen,bro looked sad
Axsax,Axsax just became a member!
Stickbug,Stickbug just became a member!
Deivisson ,"R$10.00 from Deivisson : ""Hello speed Sou do Brasil ğŸ‡§ğŸ‡· Um AbraÃ§o irmÃ£o"""
YTKing,YTKing just became a member!
HIMMOTHY ,l
Kioshi,L
Juan Jr ,ğŸ˜­ğŸ˜­ğŸ˜­ğŸ˜­ğŸ˜­ğŸ˜­ğŸ˜­ğŸ˜­ğŸ˜­ğŸ˜­ğŸ˜­
Sameer Jadhav,SYDNEY TAKEOVER AND TTS ON SYDNEY TAKEOVER AND TTS ON SYDNEY TAKEOVER AND TTS ON SYDNEY TAKEOVER AND TTS ON SYDNEY TAKEOVER AND TTS ON SYDNEY TAKEOVER AND TTS ON SYDNEY TAKEOVER AND TTS ON
Mogul,Sydney takeover and tts on
Darek Dziatko,L
Robert Waked,BRO IS CRYING
Eleazar Kharlukhi,ğŸ˜‚ğŸ˜‚
JXZ2,What's with the Nazi's in chat?
NOT YOUR TYPE Clips,lol
MafiaKings,Speed take a break Pls heal you been seeming very unsettled lately
FAETHFLEX,"CHAT, SPEED READS EVERY MESSAGE."
Larry ğŸ…¥,w friends
guyisku58,Visit the Michael Jackson house in INDIANA!
Nevandio Hera,l
Jake Kilroy,Hahahaha Boykins speedy
Franco Fone,l kids
Dilemma Al  Zutt ,W Security
Nevandio Hera,l;
Papo Papa Potato,Dammmm bro just like that
Jacob Diaz,LMAOOO
userr ,98.6 degrees in my body
Black Shark,L
Nitin Roy,L
VEGASDIDIT,I KNOW THAT KID WTFF
Jay Boy,Speed better
Lilmeachgetemgone,da dap
Sameer Jadhav,SYDNEY TAKEOVER AND TTS ON SYDNEY TAKEOVER AND TTS ON SYDNEY TAKEOVER AND TTS ON SYDNEY TAKEOVER AND TTS ON SYDNEY TAKEOVER AND TTS ON SYDNEY TAKEOVER AND TTS ON SYDNEY TAKEOVER AND TTS ON
Nothing Speed,ğŸ’€ğŸ’€ğŸ’€ğŸ’€
Jeremy Todd Brochu,SPEED SYBAU
Kakashi Kakashi,w henry
JOES SECRET GARDEN,LOL
sam,left bro hnlanging
Tech,HANGING
mr.2ey,HE GONE CRY LMAO
Randy Kitchleburger,get cha shoes boy
Nabil Alazar,Nabil Alazar just became a member!
Jamir Ellis,Go in
Nitin Roy,L
Eleazar Kharlukhi,left bro hanging
VEGASDIDIT,WTFFF
Bowen,bro looked sad
J blaze,L security
SavaGGames,W HENRY
Blaze vE,BRO IS SAD
Jeremy Todd Brochu,SPEED YOU'RRE SO ANNOYING
Sasukeonigiri,LOL
Kakashi Kakashi,W henry
StreamElements,Nabil Alazar (Nabil Alazar) just became a sponsor!
Mogul,Sydney takeover and tts on
Yamen SQ,ZR7
Yecenia Serna,W
w,African style
Sameer Jadhav,SYDNEY TAKEOVER AND TTS ON SYDNEY TAKEOVER AND TTS ON SYDNEY TAKEOVER AND TTS ON SYDNEY TAKEOVER AND TTS ON SYDNEY TAKEOVER AND TTS ON SYDNEY TAKEOVER AND TTS ON SYDNEY TAKEOVER AND TTS ON
Randy Kitchleburger,W henry
Anthony Chavez,Walking around like sexxy red
Yecenia Serna,W
Coy Holliman,CHINESE ğŸ“± ğŸ“² â˜ï¸ ğŸ“
Nitin Roy,L
Jonathan The Movie Collector And Enthusiast,show crying
Yecenia Serna,Ww
Timothy L,w security guard
Yecenia Serna,W
ğ”»ğ•–ğ•’ğ••â„™ğ•™ğ•šğ•¤ğ•™â„‚ğ•™ğ•–ğ•–ğ•¤ğ•–ğ•Šğ•¡ğ•£ğ•–ğ•’ğ••,My UFO documentary premieres in 40 minutes The Orange OrbsğŸŸ 
H Watkins,W speed
WanderBread,SPEED OUT HERE CRUSHING DREAMS AND MAKING DREAMS COME TRUE
Yecenia Serna,Ww
Yecenia Serna,W
Yecenia Serna,Ww
IFM GAMING 2.0,hello ishowspeed my name is Ada Wong
Monish Kk,L FIT
Sameer Jadhav,SYDNEY TAKEOVER AND TTS ON SYDNEY TAKEOVER AND TTS ON SYDNEY TAKEOVER AND TTS ON SYDNEY TAKEOVER AND TTS ON SYDNEY TAKEOVER AND TTS ON SYDNEY TAKEOVER AND TTS ON SYDNEY TAKEOVER AND TTS ON
amr gaming,W
Jeremy Perry,Chinese phone Chinese phone Chinese phone Chinese phone Chinese phone
Yecenia Serna,Ww
Nabil Alazar,Nabil Alazar just became a member!
Axsax,Axsax just became a member!
Stickbug,Stickbug just became a member!
Deivisson ,"R$10.00 from Deivisson : ""Hello speed Sou do Brasil ğŸ‡§ğŸ‡· Um AbraÃ§o irmÃ£o"""
YTKing,YTKing just became a member!
Eleazar Kharlukhi,left bro hanging
VEGASDIDIT,WTFFF
Bowen,bro looked sad
J blaze,L security
SavaGGames,W HENRY
Blaze vE,BRO IS SAD
Jeremy Todd Brochu,SPEED YOU'RRE SO ANNOYING
Sasukeonigiri,LOL
Kakashi Kakashi,W henry
StreamElements,Nabil Alazar (Nabil Alazar) just became a sponsor!
Mogul,Sydney takeover and tts on
Yamen SQ,ZR7
Yecenia Serna,W
w,African style
Sameer Jadhav,SYDNEY TAKEOVER AND TTS ON SYDNEY TAKEOVER AND TTS ON SYDNEY TAKEOVER AND TTS ON SYDNEY TAKEOVER AND TTS ON SYDNEY TAKEOVER AND TTS ON SYDNEY TAKEOVER AND TTS ON SYDNEY TAKEOVER AND TTS ON
Randy Kitchleburger,W henry
Anthony Chavez,Walking around like sexxy red
Yecenia Serna,W
Coy Holliman,CHINESE ğŸ“± ğŸ“² â˜ï¸ ğŸ“
Nitin Roy,L
Jonathan The Movie Collector And Enthusiast,show crying
Yecenia Serna,Ww
Timothy L,w security guard
Yecenia Serna,W
ğ”»ğ•–ğ•’ğ••â„™ğ•™ğ•šğ•¤ğ•™â„‚ğ•™ğ•–ğ•–ğ•¤ğ•–ğ•Šğ•¡ğ•£ğ•–ğ•’ğ••,My UFO documentary premieres in 40 minutes The Orange OrbsğŸŸ 
H Watkins,W speed
WanderBread,SPEED OUT HERE CRUSHING DREAMS AND MAKING DREAMS COME TRUE
Yecenia Serna,Ww
Yecenia Serna,W
Yecenia Serna,Ww
IFM GAMING 2.0,hello ishowspeed my name is Ada Wong
Monish Kk,L FIT
Sameer Jadhav,SYDNEY TAKEOVER AND TTS ON SYDNEY TAKEOVER AND TTS ON SYDNEY TAKEOVER AND TTS ON SYDNEY TAKEOVER AND TTS ON SYDNEY TAKEOVER AND TTS ON SYDNEY TAKEOVER AND TTS ON SYDNEY TAKEOVER AND TTS ON
amr gaming,W
Jeremy Perry,Chinese phone Chinese phone Chinese phone Chinese phone Chinese phone
Yecenia Serna,Ww
flako,Put on shoes dumbahh
been here,"""downs nelk boys"" LOL"
Yecenia Serna,Ww
SmallishGiraffe,barefoot in chicago is crazy
JayZu,HE GONNA GET ROASTED
EvilartZ,W HENRY
ThatNinja  ,There fent n needles out there
Yecenia Serna,Ww
Kioshi,American fotball is so ahhh
Nitin Roy,L
alnandr,W GHETTO UPBRINGING
Night's Vibe,BRO WTF NO SHOES
RyGuySketched,Speed itâ€™s me Ryguysketched
amr gaming,W
Yecenia Serna,Aa
Nikki Arjun,Basil universe
Jonathan The Movie Collector And Enthusiast,show crying
Yecenia Serna,Aa
Jeremy Todd Brochu,WW SECURITY
SavaGGames,"STOP EGO, W HENRY"
Ñ‚oÑ•hÎ¹,W
God Bless,speed country we don't wear them shoes outside
Papo Papa Potato,:text-green-game-over:
Motasim Ali,W Henry respect
ijustwoahcup,let this man do this his thing bruh
TH3DABFATH3R,lol
Mogul,Sydney takeover and tts on
Favian Dimas,w henry
KJ,P
FAETHFLEX,LETS GOOO
Rickâ€™sArchive,L security
Mogul,Sydney takeover and tts on
EMAN ENTERTAINMENT,w henry
bryan cruz,DIRTY SPEED
Ricky Bonilla,L speed
Sachhyam Vaidya,pray for nepallll
Chase,lots of security
Ray xd,wwww
Nitin Roy,L
Nabil Alazar,Nabil Alazar just became a member!
Axsax,Axsax just became a member!
Stickbug,Stickbug just became a member!
Deivisson ,"R$10.00 from Deivisson : ""Hello speed Sou do Brasil ğŸ‡§ğŸ‡· Um AbraÃ§o irmÃ£o"""
YTKing,YTKing just became a member!
Yecenia Serna,Ww
SmallishGiraffe,barefoot in chicago is crazy
JayZu,HE GONNA GET ROASTED
EvilartZ,W HENRY
ThatNinja  ,There fent n needles out there
Yecenia Serna,Ww
Kioshi,American fotball is so ahhh
Nitin Roy,L
alnandr,W GHETTO UPBRINGING
Night's Vibe,BRO WTF NO SHOES
RyGuySketched,Speed itâ€™s me Ryguysketched
amr gaming,W
Yecenia Serna,Aa
Nikki Arjun,Basil universe
Jonathan The Movie Collector And Enthusiast,show crying
Yecenia Serna,Aa
Jeremy Todd Brochu,WW SECURITY
SavaGGames,"STOP EGO, W HENRY"
Ñ‚oÑ•hÎ¹,W
God Bless,speed country we don't wear them shoes outside
Papo Papa Potato,:text-green-game-over:
Motasim Ali,W Henry respect
ijustwoahcup,let this man do this his thing bruh
TH3DABFATH3R,lol
Mogul,Sydney takeover and tts on
Favian Dimas,w henry
KJ,P
FAETHFLEX,LETS GOOO
Rickâ€™sArchive,L security
Mogul,Sydney takeover and tts on
EMAN ENTERTAINMENT,w henry
bryan cruz,DIRTY SPEED
Ricky Bonilla,L speed
Sachhyam Vaidya,pray for nepallll
Chase,lots of security
Ray xd,wwww
Nitin Roy,L
userr ,98.6 degrees in my body
Jamir Ellis,Shit ainâ€™t sweet out here
Hazereki,W HENRY
NOT YOUR TYPE Clips,"he gave himself dap, lol"
Foxy :3,w speed
Robert,w security
errorgt,:eyes-pink-heart-shape::eyes-pink-heart-shape::eyes-pink-heart-shape::eyes-pink-heart-shape::eyes-pink-heart-shape::eyes-pink-heart-shape::eyes-pink-heart-shape::eyes-pink-heart-shape::eyes-pink-heart-shape::eyes-pink-heart-shape::eyes-pink-heart-shape::eyes-pink-heart-shape::eyes-pink-heart-shape::eyes-pink-heart-shape::eyes-pink-heart-shape::eyes-pink-heart-shape::eyes-pink-heart-shape::eyes-pink-heart-shape:
Rose Mattox,W bodyguards
Sameer Jadhav,SYDNEY TAKEOVER AND TTS ON SYDNEY TAKEOVER AND TTS ON SYDNEY TAKEOVER AND TTS ON SYDNEY TAKEOVER AND TTS ON SYDNEY TAKEOVER AND TTS ON SYDNEY TAKEOVER AND TTS ON SYDNEY TAKEOVER AND TTS ON
cckvalle,W SECURITY
bratic ,W SECURITY
snasty99,more handler than security
Jamie Thomas,W
FAETHFLEX,W SECURITY IN CHAT
JUST_A.NORMAL_GIRL<3,HELP ğŸ‡³ğŸ‡µ NEPAL
Aventador,W SQUAD
Anthony Chavez,Some gs
Menova,W SECURITY
dar492,should listen
SavaGGames,W CREW
COGS,W HENRY FOR LOOKING OUT
Jonathan The Movie Collector And Enthusiast,show crying
simplegoldfish,W SECURETY
2utopia,MANS GOT A HUGE ASS FUCKIN GANGG DAMN BRUVVVV
JOES SECRET GARDEN,W SECURITY
JUST_A.NORMAL_GIRL<3,HELP ğŸ‡³ğŸ‡µ NEPAL
GodsSecretWeap0n 333ğŸŒ¸,W
Yamen SQ,W Henry
guyisku58,Visit the Michael Jackson house in INDIANA!
FAETHFLEX,W SECURITY
bryan cruz,L SPEEDS
Sameer Jadhav,SYDNEY TAKEOVER AND TTS ON SYDNEY TAKEOVER AND TTS ON SYDNEY TAKEOVER AND TTS ON SYDNEY TAKEOVER AND TTS ON SYDNEY TAKEOVER AND TTS ON SYDNEY TAKEOVER AND TTS ON SYDNEY TAKEOVER AND TTS ON
DJLubcho,Jamal take pic with security
ğ”»ğ•–ğ•’ğ••â„™ğ•™ğ•šğ•¤ğ•™â„‚ğ•™ğ•–ğ•–ğ•¤ğ•–ğ•Šğ•¡ğ•£ğ•–ğ•’ğ••,My UFO documentary premieres in 40 minutes The Orange OrbsğŸŸ 
yo!,vot oni pipiski
Nabil Alazar,Nabil Alazar just became a member!
Axsax,Axsax just became a member!
Stickbug,Stickbug just became a member!
Deivisson ,"R$10.00 from Deivisson : ""Hello speed Sou do Brasil ğŸ‡§ğŸ‡· Um AbraÃ§o irmÃ£o"""
YTKing,YTKing just became a member!
NOT YOUR TYPE Clips,"he gave himself dap, lol"
Foxy :3,w speed
Robert,w security
errorgt,:eyes-pink-heart-shape::eyes-pink-heart-shape::eyes-pink-heart-shape::eyes-pink-heart-shape::eyes-pink-heart-shape::eyes-pink-heart-shape::eyes-pink-heart-shape::eyes-pink-heart-shape::eyes-pink-heart-shape::eyes-pink-heart-shape::eyes-pink-heart-shape::eyes-pink-heart-shape::eyes-pink-heart-shape::eyes-pink-heart-shape::eyes-pink-heart-shape::eyes-pink-heart-shape::eyes-pink-heart-shape::eyes-pink-heart-shape:
Rose Mattox,W bodyguards
Sameer Jadhav,SYDNEY TAKEOVER AND TTS ON SYDNEY TAKEOVER AND TTS ON SYDNEY TAKEOVER AND TTS ON SYDNEY TAKEOVER AND TTS ON SYDNEY TAKEOVER AND TTS ON SYDNEY TAKEOVER AND TTS ON SYDNEY TAKEOVER AND TTS ON
cckvalle,W SECURITY
bratic ,W SECURITY
snasty99,more handler than security
Jamie Thomas,W
FAETHFLEX,W SECURITY IN CHAT
JUST_A.NORMAL_GIRL<3,HELP ğŸ‡³ğŸ‡µ NEPAL
Aventador,W SQUAD
Anthony Chavez,Some gs
Menova,W SECURITY
dar492,should listen
SavaGGames,W CREW
COGS,W HENRY FOR LOOKING OUT
Jonathan The Movie Collector And Enthusiast,show crying
simplegoldfish,W SECURETY
2utopia,MANS GOT A HUGE ASS FUCKIN GANGG DAMN BRUVVVV
JOES SECRET GARDEN,W SECURITY
JUST_A.NORMAL_GIRL<3,HELP ğŸ‡³ğŸ‡µ NEPAL
GodsSecretWeap0n 333ğŸŒ¸,W
Yamen SQ,W Henry
guyisku58,Visit the Michael Jackson house in INDIANA!
FAETHFLEX,W SECURITY
bryan cruz,L SPEEDS
Sameer Jadhav,SYDNEY TAKEOVER AND TTS ON SYDNEY TAKEOVER AND TTS ON SYDNEY TAKEOVER AND TTS ON SYDNEY TAKEOVER AND TTS ON SYDNEY TAKEOVER AND TTS ON SYDNEY TAKEOVER AND TTS ON SYDNEY TAKEOVER AND TTS ON
DJLubcho,Jamal take pic with security
ğ”»ğ•–ğ•’ğ••â„™ğ•™ğ•šğ•¤ğ•™â„‚ğ•™ğ•–ğ•–ğ•¤ğ•–ğ•Šğ•¡ğ•£ğ•–ğ•’ğ••,My UFO documentary premieres in 40 minutes The Orange OrbsğŸŸ 
eyeambanned,OKAYYYY
yo!,vot oni pipiski
COGS,W HENRY FOR LOOKING OUT
Pr$nce,wwwwwwwwwww
FAETHFLEX,W
Nitin Roy,L
DJoker,LMAO
KT,Thatâ€™s what Henry was saying
tracyyy,go security!!
cckvalle,W SECURITY
Blaze vE,BRUV WALKING BAREFOOOT IN THE RAQ
bratic ,W HENRY AND RUDY
BJ,:_speedWWW::_speedWWW::_speedWWW::_speedWWW::_speedWWW::_speedWWW:
simplegoldfish,W
simplegoldfish,W
COGS,W HENRY FOR LOOKING OUT
Ray xd,wowid
Siyanda Nxumalo,Speeeeed
simplegoldfish,W
773Davo,W security
simplegoldfish,W
Chance Riney,Dap the entire team for the w today
simplegoldfish,W
Ricky Bonilla,W Henry
simplegoldfish,W
fran,L TREAT TO HENRY
Sasukeonigiri,WWWWW
SavaGGames,W CREW
v-iReactz,L speed W security
George Davidson,W thumbnail
bryan cruz,L SPEED
Tupac,W STREAM BRO
Lee leeâ€˜s world .,W security
mMmeow,W SECURITY
Krenich,GLAZER STILL THERE
COGS,W HENRY FOR LOOKING OUT
ğ”ğ”¯.ğ”ğ”ğ”³ğ”°ğ”’ğ”£ğ”£ğ”¦ğ” ğ”¦ğ”ğ”©,L SPEED BRO YOU AINT COME TO SHOW LOVE TO LITTLE VILLAGE. L TEAM L MANAGEMENT
EvilartZ,W HENRY
FAETHFLEX,W SPEED
Foxy :3,w crew
Nabil Alazar,Nabil Alazar just became a member!
Axsax,Axsax just became a member!
Stickbug,Stickbug just became a member!
Deivisson ,"R$10.00 from Deivisson : ""Hello speed Sou do Brasil ğŸ‡§ğŸ‡· Um AbraÃ§o irmÃ£o"""
YTKing,YTKing just became a member!
Ricky Bonilla,W Henry
simplegoldfish,W
fran,L TREAT TO HENRY
Sasukeonigiri,WWWWW
SavaGGames,W CREW
v-iReactz,L speed W security
George Davidson,W thumbnail
bryan cruz,L SPEED
Tupac,W STREAM BRO
Lee leeâ€˜s world .,W security
mMmeow,W SECURITY
Krenich,GLAZER STILL THERE
COGS,W HENRY FOR LOOKING OUT
ğ”ğ”¯.ğ”ğ”ğ”³ğ”°ğ”’ğ”£ğ”£ğ”¦ğ” ğ”¦ğ”ğ”©,L SPEED BRO YOU AINT COME TO SHOW LOVE TO LITTLE VILLAGE. L TEAM L MANAGEMENT
EvilartZ,W HENRY
FAETHFLEX,W SPEED
Foxy :3,w crew
Randy Kitchleburger,a switch and three 50 round drums would do it
Sameer Jadhav,SYDNEY TAKEOVER AND TTS ON SYDNEY TAKEOVER AND TTS ON SYDNEY TAKEOVER AND TTS ON SYDNEY TAKEOVER AND TTS ON SYDNEY TAKEOVER AND TTS ON SYDNEY TAKEOVER AND TTS ON SYDNEY TAKEOVER AND TTS ON
FAETHFLEX,LOL
treasure cat,w
sb gamer (nick:sol or exam sol_hk),:face-blue-smiling::face-blue-smiling::face-blue-smiling:MIB
eyeambanned,OKAYYYY
QUANDALE DINGLE,L guard
First Lady,W pic
ğ–ğ–™ğ–˜ğ–ğ–”ğ–œğ–‹ğ–Šğ–‘ğ–‘ğ–”ğ–œğ–“ğ–“ğ–ğ–†,WWWWWWW WWWWWWWWWWWWW WWWWWWWWWWWWW WWWWWWWWWWWWW WWWWWWWWWWWWW WWWWWWWWWWWWW WWWWWWWWWWWWW WWWWWWWWWWWWW WWWWWWWWWWWWW WWWWWWWWWWWWW WWWWWWWWWWWWW WWWWWWWWWWWWW WWWWWWWWWWWWW WWWWWWWWWWWWW WWWWWWWWWW
Tech,CASTING COUCH
Marvin _,W SECURITY
IFM GAMING 2.0,hello ishowspeed my name is Ada Wong
Shawn Don,W SECURITY
Choko12,W
WÃ˜EFUL,YOU CAN STILL GET YOUR FOOT CUT W GLASS ND IT'LL GET INFECTED BRUH
dimenmary,w henry
Dionte Helm,W SECURITY
MOB (BR),W TEAM
COGS,W HENRY FOR LOOKING OUT
2utopia,GANG GANG GANG GANG GANG GANG GANG GANG GANG GANG GANG GANG GANG GANG GANG GANG GANG GANG GANG GANG GANG GANG GANG GANG GANG GANG GANG GANG GANG GANG GANG GANG GANG GANG
EMAN ENTERTAINMENT,w security
Samu,how many
Dylan Parin,W
userr ,98.6 degrees in my body
BJ,:_speedWWW::_speedWWW::_speedWWW::_speedWWW::_speedWWW::_speedWWW::_speedWWW::_speedWWW:
Derrick Daniels,YOU SHOULD CHALLENGE FANS 1 on 1 Mario Kart thru the NIGHT GOOD IDEA OR NAH????
Lee leeâ€˜s world .,Ww
Kioshi,W
COGS,W HENRY FOR LOOKING OUT
Eleazar Kharlukhi,W bodyguard
Robert Waked,lmao no one smiling
 Unknown,w
GodsSecretWeap0n 333ğŸŒ¸,W SECURITY
010 zishan khan,W
WXLLLLğŸŒ´,Ww
Seb Hiney,W security
BSH-RIYAD,à¦†à¦‡à¦‡
Nik0 ğŸ‡²ğŸ‡¾,W Securities
Al,W
Sasukeonigiri,Ww
Isaac,:_speedWWW::_speedWWW::_speedWWW::_speedWWW:
CFoeDrenchEm64,W
WXLLLLğŸŒ´,Ww
WXLLLLğŸŒ´,Ww
eyeambanned,OKAYYYYYYYY
Lemoly,W
Coy Holliman,CHINESE PHONE ğŸ“± ğŸ“² â˜ï¸
MOB (BR),W
WXLLLLğŸŒ´,W
spezo,W security
dar492,W
COGS,W HENRY FOR LOOKING OUT
WXLLLLğŸŒ´,W
ItzVaxy,W
ë”ë¹µë”ë¹µ,Ha
WXLLLLğŸŒ´,Ww
Hazereki,W SECURITY
Nabil Alazar,Nabil Alazar just became a member!
Axsax,Axsax just became a member!
Stickbug,Stickbug just became a member!
Deivisson ,"R$10.00 from Deivisson : ""Hello speed Sou do Brasil ğŸ‡§ğŸ‡· Um AbraÃ§o irmÃ£o"""
YTKing,YTKing just became a member!
userr ,98.6 degrees in my body
BJ,:_speedWWW::_speedWWW::_speedWWW::_speedWWW::_speedWWW::_speedWWW::_speedWWW::_speedWWW:
Derrick Daniels,YOU SHOULD CHALLENGE FANS 1 on 1 Mario Kart thru the NIGHT GOOD IDEA OR NAH????
Lee leeâ€˜s world .,Ww
Kioshi,W
COGS,W HENRY FOR LOOKING OUT
Eleazar Kharlukhi,W bodyguard
Robert Waked,lmao no one smiling
 Unknown,w
GodsSecretWeap0n 333ğŸŒ¸,W SECURITY
010 zishan khan,W
WXLLLLğŸŒ´,Ww
Seb Hiney,W security
BSH-RIYAD,à¦†à¦‡à¦‡
Nik0 ğŸ‡²ğŸ‡¾,W Securities
Al,W
Sasukeonigiri,Ww
Isaac,:_speedWWW::_speedWWW::_speedWWW::_speedWWW:
CFoeDrenchEm64,W
WXLLLLğŸŒ´,Ww
WXLLLLğŸŒ´,Ww
eyeambanned,OKAYYYYYYYY
Lemoly,W
Coy Holliman,CHINESE PHONE ğŸ“± ğŸ“² â˜ï¸
MOB (BR),W
WXLLLLğŸŒ´,W
spezo,W security
dar492,W
COGS,W HENRY FOR LOOKING OUT
WXLLLLğŸŒ´,W
ItzVaxy,W
ë”ë¹µë”ë¹µ,Ha
 Unknown,wow
WXLLLLğŸŒ´,Ww
Hazereki,W SECURITY
 Unknown,W
Sameer Jadhav,SYDNEY TAKEOVER AND TTS ON SYDNEY TAKEOVER AND TTS ON SYDNEY TAKEOVER AND TTS ON SYDNEY TAKEOVER AND TTS ON SYDNEY TAKEOVER AND TTS ON SYDNEY TAKEOVER AND TTS ON SYDNEY TAKEOVER AND TTS ON
FAETHFLEX,W SPEED W SECURITY
WXLLLLğŸŒ´,Ww
 Unknown,W
QUANDALE DINGLE,L guard
First Lady,W security
 Unknown,W
Mister binn,W
TorchoDude,w security
WXLLLLğŸŒ´,Ww
 Unknown,W
Chris Nieto,L security
SavaGGames,W CREW
dior.,w security
gauravvv,w
Raymond C,W
Yecenia Serna,Ww
simplegoldfish,TUFF
ë”ë¹µë”ë¹µ,Ha
Isaac,:_speedWWW::_speedWWW::_speedWWW::_speedWWW:
Foxy :3,W crew
Junior,15 securitys
Reza McCartney ,W henry
Lee leeâ€˜s world .,W security
Arsh Patel,W SECURITYâ¤ï¸â€ğŸ”¥
 Unknown,A
eyeambanned,OKAYYYYYYYYY
773Davo,Mark Henry inna front
Leo,W
Yecenia Serna,Speed
Hazereki,W SECURITY
Night's Vibe,NO SHOES
Zelta__,W security
simplegoldfish,AURA
Jonathan The Movie Collector And Enthusiast,show crying
Yamen SQ,W security
Sameer Jadhav,SYDNEY TAKEOVER AND TTS ON SYDNEY TAKEOVER AND TTS ON SYDNEY TAKEOVER AND TTS ON SYDNEY TAKEOVER AND TTS ON SYDNEY TAKEOVER AND TTS ON SYDNEY TAKEOVER AND TTS ON SYDNEY TAKEOVER AND TTS ON
WissikhMane,take pants off too
FAETHFLEX,CREAT DAY
Nabil Alazar,Nabil Alazar just became a member!
Axsax,Axsax just became a member!
Stickbug,Stickbug just became a member!
Deivisson ,"R$10.00 from Deivisson : ""Hello speed Sou do Brasil ğŸ‡§ğŸ‡· Um AbraÃ§o irmÃ£o"""
YTKing,YTKing just became a member!
WXLLLLğŸŒ´,Ww
 Unknown,W
Chris Nieto,L security
SavaGGames,W CREW
dior.,w security
gauravvv,w
Raymond C,W
Yecenia Serna,Ww
simplegoldfish,TUFF
ë”ë¹µë”ë¹µ,Ha
Isaac,:_speedWWW::_speedWWW::_speedWWW::_speedWWW:
Foxy :3,W crew
Junior,15 securitys
Reza McCartney ,W henry
Lee leeâ€˜s world .,W security
Arsh Patel,W SECURITYâ¤ï¸â€ğŸ”¥
 Unknown,A
eyeambanned,OKAYYYYYYYYY
773Davo,Mark Henry inna front
Leo,W
Yecenia Serna,Speed
Hazereki,W SECURITY
Night's Vibe,NO SHOES
Zelta__,W security
simplegoldfish,AURA
Jonathan The Movie Collector And Enthusiast,show crying
Yamen SQ,W security
Sameer Jadhav,SYDNEY TAKEOVER AND TTS ON SYDNEY TAKEOVER AND TTS ON SYDNEY TAKEOVER AND TTS ON SYDNEY TAKEOVER AND TTS ON SYDNEY TAKEOVER AND TTS ON SYDNEY TAKEOVER AND TTS ON SYDNEY TAKEOVER AND TTS ON
WissikhMane,take pants off too
Isaac,:_speedWWW::_speedWWW::_speedWWW::_speedWWW:
FAETHFLEX,CREAT DAY
war,ğŸ˜
QUANDALE DINGLE,L guard
Junior,W
FREEMELLY,WWWWW
KT,W Henry
stevenorth556,W Henry
ğ–ğ–™ğ–˜ğ–ğ–”ğ–œğ–‹ğ–Šğ–‘ğ–‘ğ–”ğ–œğ–“ğ–“ğ–ğ–†,WWWWWWW WWWWWWWWWWWWW WWWWWWWWWWWWW WWWWWWWWWWWWW WWWWWWWWWWWWW WWWWWWWWWWWWW WWWWWWWWWWWWW WWWWWWWWWWWWW WWWWWWWWWWWWW WWWWWWWWWWWWW WWWWWWWWWWWWW WWWWWWWWWWWWW WWWWWWWWWWWWW WWWWWWWWWWWWW WWWWWWWWWW
GodsSecretWeap0n 333ğŸŒ¸,HELL YEA! WğŸ’—âœ¨
Eduardo,w
MonkeyKing808,W
userr ,98.6 degrees in my body
csc sans,w
Bowen,:_speedWWW::_speedWWW::_speedWWW:
Randy Kitchleburger,W
2utopia,DUBS SECURITY DUBS SECURITY DUBS SECURITY DUBS SECURITY DUBS SECURITY DUBS SECURITY DUBS SECURITY DUBS SECURITY DUBS SECURITY DUBS SECURITY
J blaze,surrounded by bbc
zeta9,w security
James ,Bros getting banged tonight
simplegoldfish,AURA ONG
cujo ,come to Somalia
FAETHFLEX,GREAT DAY
eyeambanned,OKAYYYYYYYYYY
csc sans,w
Charlee Beatz,:_speedWWW:
 Unknown,W
csc sans,w
csc sans,w
Hasan Maharoof,W SECURITYYYY
Bowen,:_speedWWW:
csc sans,w
MOB (BR),W
csc sans,w
Jonathan The Movie Collector And Enthusiast,show crying
Kaireev ,w
Bowen,:_speedWWW:
FAETHFLEX,GG
Robert,25 deep lol
Cumsi Werito,w
Eleazar Kharlukhi,W security
Bowen,:_speedWWW::_speedWWW::_speedWWW::_speedWWW:
2utopia,DUBS SECURITY DUBS SECURITY DUBS SECURITY DUBS SECURITY DUBS SECURITY DUBS SECURITY DUBS SECURITY DUBS SECURITY
Roger Waddell,W
Bowen,:_speedWWW::_speedWWW:
REZT-EDITS,L SPEED
Nabil Alazar,Nabil Alazar just became a member!
Axsax,Axsax just became a member!
Stickbug,Stickbug just became a member!
Deivisson ,"R$10.00 from Deivisson : ""Hello speed Sou do Brasil ğŸ‡§ğŸ‡· Um AbraÃ§o irmÃ£o"""
YTKing,YTKing just became a member!
GodsSecretWeap0n 333ğŸŒ¸,HELL YEA! WğŸ’—âœ¨
Eduardo,w
MonkeyKing808,W
userr ,98.6 degrees in my body
csc sans,w
Bowen,:_speedWWW::_speedWWW::_speedWWW:
Randy Kitchleburger,W
2utopia,DUBS SECURITY DUBS SECURITY DUBS SECURITY DUBS SECURITY DUBS SECURITY DUBS SECURITY DUBS SECURITY DUBS SECURITY DUBS SECURITY DUBS SECURITY
J blaze,surrounded by bbc
zeta9,w security
James ,Bros getting banged tonight
simplegoldfish,AURA ONG
cujo ,come to Somalia
FAETHFLEX,GREAT DAY
eyeambanned,OKAYYYYYYYYYY
csc sans,w
Charlee Beatz,:_speedWWW:
 Unknown,W
csc sans,w
csc sans,w
Hasan Maharoof,W SECURITYYYY
Bowen,:_speedWWW:
csc sans,w
MOB (BR),W
csc sans,w
Jonathan The Movie Collector And Enthusiast,show crying
Kaireev ,w
Bowen,:_speedWWW:
FAETHFLEX,GG
Robert,25 deep lol
Cumsi Werito,w
Eleazar Kharlukhi,W security
Bowen,:_speedWWW::_speedWWW::_speedWWW::_speedWWW:
2utopia,DUBS SECURITY DUBS SECURITY DUBS SECURITY DUBS SECURITY DUBS SECURITY DUBS SECURITY DUBS SECURITY DUBS SECURITY
Roger Waddell,W
Bowen,:_speedWWW::_speedWWW:
REZT-EDITS,L SPEED
sb gamer (nick:sol or exam sol_hk),W
alnandr,W SECURITY
Randy Kitchleburger,W glock
Roland,GAAAANG
Hazereki,W SECURITY
Deadly_wc,W SECURITY
Rahul Patil,w security
Cpt Crouton (Cocomad02),W SECURITY FRFR
Yamen SQ,W security
Saul Villegas,WWWWW
laughter all dayğŸ¯,he said tap N ğŸ’ªğŸ”¥
csc sans,w
Reza McCartney ,Henry was like speed father
Isaac,:_speedWWW::_speedWWW::_speedWWW::_speedWWW::_speedCheese::_speedCheese:
ğ”»ğ•–ğ•’ğ••â„™ğ•™ğ•šğ•¤ğ•™â„‚ğ•™ğ•–ğ•–ğ•¤ğ•–ğ•Šğ•¡ğ•£ğ•–ğ•’ğ••,My UFO documentary premieres in 40 minutes The Orange OrbsğŸŸ 
Sameer Jadhav,SYDNEY TAKEOVER AND TTS ON SYDNEY TAKEOVER AND TTS ON SYDNEY TAKEOVER AND TTS ON SYDNEY TAKEOVER AND TTS ON SYDNEY TAKEOVER AND TTS ON SYDNEY TAKEOVER AND TTS ON SYDNEY TAKEOVER AND TTS ON
upcomer,ğ˜¿ğ™„ğ˜¿ğ˜¿ğ™” ğ™ğ™‹ğ™€ğ™€ğ˜¿ğ™”
eyeambanned,OKAYYYYY
Mohammad,bro I am is school
NOT YOUR TYPE Clips,w
Ñ‚oÑ•hÎ¹,W speed
NOT YOUR TYPE Clips,w
Yecenia Serna,W
Samu,shhh
simplegoldfish,HENRY HAS AURA
Yecenia Serna,W
Foxy :3,W crew
VEGASDIDIT,I KNOW THAT KIDDD WTFF
Evil Nuke Gaming,W security in the chat
Yecenia Serna,W
NOT YOUR TYPE Clips,w
Robert Waked,W
GodsSecretWeap0n 333ğŸŒ¸,W SECURITY ğŸ’—âœ¨
Van Halen,W Security
Yecenia Serna,Ww
WASA RUBÄ°,ğŸ‡¹ğŸ‡·ğŸ‡¹ğŸ‡·ğŸ‡¹ğŸ‡·ğŸ‡¹ğŸ‡·ğŸ‡¹ğŸ‡·ğŸ‡¹ğŸ‡·ğŸ‡¹ğŸ‡·ğŸ‡¹ğŸ‡·ğŸ‡¹ğŸ‡·ğŸ‡¹ğŸ‡·ğŸ‡¹ğŸ‡·ğŸ‡¹ğŸ‡·ğŸ‡¹ğŸ‡·ğŸ‡¹ğŸ‡·ğŸ‡¹ğŸ‡·ğŸ‡¹ğŸ‡·ğŸ‡¹ğŸ‡·ğŸ‡¹ğŸ‡·ğŸ‡¹ğŸ‡·ğŸ‡¹ğŸ‡·ğŸ‡¹ğŸ‡·ğŸ‡¹ğŸ‡·ğŸ‡¹ğŸ‡·ğŸ‡¹ğŸ‡·ğŸ‡¹ğŸ‡·ğŸ‡¹ğŸ‡·ğŸ‡¹ğŸ‡·ğŸ‡¹ğŸ‡·ğŸ‡¹ğŸ‡·ğŸ‡¹ğŸ‡·ğŸ‡¹ğŸ‡·ğŸ‡¹ğŸ‡·ğŸ‡¹ğŸ‡·ğŸ‡¹ğŸ‡·ğŸ‡¹ğŸ‡·ğŸ‡¹ğŸ‡·ğŸ‡¹ğŸ‡·ğŸ‡¹ğŸ‡·ğŸ‡¹ğŸ‡·ğŸ‡¹ğŸ‡·
Yecenia Serna,W
Jayz Tyz,W security
Nabil Alazar,Nabil Alazar just became a member!
Axsax,Axsax just became a member!
Stickbug,Stickbug just became a member!
Deivisson ,"R$10.00 from Deivisson : ""Hello speed Sou do Brasil ğŸ‡§ğŸ‡· Um AbraÃ§o irmÃ£o"""
YTKing,YTKing just became a member!
Eleazar Kharlukhi,W security
Bowen,:_speedWWW::_speedWWW::_speedWWW::_speedWWW:
2utopia,DUBS SECURITY DUBS SECURITY DUBS SECURITY DUBS SECURITY DUBS SECURITY DUBS SECURITY DUBS SECURITY DUBS SECURITY
Roger Waddell,W
Bowen,:_speedWWW::_speedWWW:
REZT-EDITS,L SPEED
sb gamer (nick:sol or exam sol_hk),W
alnandr,W SECURITY
Randy Kitchleburger,W glock
Roland,GAAAANG
Hazereki,W SECURITY
Deadly_wc,W SECURITY
Rahul Patil,w security
Cpt Crouton (Cocomad02),W SECURITY FRFR
Yamen SQ,W security
Saul Villegas,WWWWW
laughter all dayğŸ¯,he said tap N ğŸ’ªğŸ”¥
csc sans,w
Reza McCartney ,Henry was like speed father
Isaac,:_speedWWW::_speedWWW::_speedWWW::_speedWWW::_speedCheese::_speedCheese:
ğ”»ğ•–ğ•’ğ••â„™ğ•™ğ•šğ•¤ğ•™â„‚ğ•™ğ•–ğ•–ğ•¤ğ•–ğ•Šğ•¡ğ•£ğ•–ğ•’ğ••,My UFO documentary premieres in 40 minutes The Orange OrbsğŸŸ 
Sameer Jadhav,SYDNEY TAKEOVER AND TTS ON SYDNEY TAKEOVER AND TTS ON SYDNEY TAKEOVER AND TTS ON SYDNEY TAKEOVER AND TTS ON SYDNEY TAKEOVER AND TTS ON SYDNEY TAKEOVER AND TTS ON SYDNEY TAKEOVER AND TTS ON
upcomer,ğ˜¿ğ™„ğ˜¿ğ˜¿ğ™” ğ™ğ™‹ğ™€ğ™€ğ˜¿ğ™”
eyeambanned,OKAYYYYY
Mohammad,bro I am is school
NOT YOUR TYPE Clips,w
Ñ‚oÑ•hÎ¹,W speed
NOT YOUR TYPE Clips,w
Yecenia Serna,W
Samu,shhh
simplegoldfish,HENRY HAS AURA
Yecenia Serna,W
Foxy :3,W crew
VEGASDIDIT,I KNOW THAT KIDDD WTFF
Evil Nuke Gaming,W security in the chat
Yecenia Serna,W
NOT YOUR TYPE Clips,w
Robert Waked,W
GodsSecretWeap0n 333ğŸŒ¸,W SECURITY ğŸ’—âœ¨
Van Halen,W Security
Yecenia Serna,Ww
WASA RUBÄ°,ğŸ‡¹ğŸ‡·ğŸ‡¹ğŸ‡·ğŸ‡¹ğŸ‡·ğŸ‡¹ğŸ‡·ğŸ‡¹ğŸ‡·ğŸ‡¹ğŸ‡·ğŸ‡¹ğŸ‡·ğŸ‡¹ğŸ‡·ğŸ‡¹ğŸ‡·ğŸ‡¹ğŸ‡·ğŸ‡¹ğŸ‡·ğŸ‡¹ğŸ‡·ğŸ‡¹ğŸ‡·ğŸ‡¹ğŸ‡·ğŸ‡¹ğŸ‡·ğŸ‡¹ğŸ‡·ğŸ‡¹ğŸ‡·ğŸ‡¹ğŸ‡·ğŸ‡¹ğŸ‡·ğŸ‡¹ğŸ‡·ğŸ‡¹ğŸ‡·ğŸ‡¹ğŸ‡·ğŸ‡¹ğŸ‡·ğŸ‡¹ğŸ‡·ğŸ‡¹ğŸ‡·ğŸ‡¹ğŸ‡·ğŸ‡¹ğŸ‡·ğŸ‡¹ğŸ‡·ğŸ‡¹ğŸ‡·ğŸ‡¹ğŸ‡·ğŸ‡¹ğŸ‡·ğŸ‡¹ğŸ‡·ğŸ‡¹ğŸ‡·ğŸ‡¹ğŸ‡·ğŸ‡¹ğŸ‡·ğŸ‡¹ğŸ‡·ğŸ‡¹ğŸ‡·ğŸ‡¹ğŸ‡·ğŸ‡¹ğŸ‡·ğŸ‡¹ğŸ‡·
Yecenia Serna,W
Jayz Tyz,W security
Stand Up Comdiy /Ø³ØªØ§Ù†Ø¯ Ø§Ø¨ ÙƒÙˆÙ…ÙŠØ¯ÙŠ,W
Hazereki,W SECURITY
Sameer Jadhav,SYDNEY TAKEOVER AND TTS ON SYDNEY TAKEOVER AND TTS ON SYDNEY TAKEOVER AND TTS ON SYDNEY TAKEOVER AND TTS ON SYDNEY TAKEOVER AND TTS ON SYDNEY TAKEOVER AND TTS ON SYDNEY TAKEOVER AND TTS ON
COGS,W SECURITY
Yo Daddy,security had it on lockkkk
Deadly_wc,GREAT JOB SECURITY
itskotah,w
J blaze,L
Tupac,:_speedWWW::_speedWWW::_speedWWW::_speedWWW::_speedWWW::_speedWWW::_speedWWW:
ThatNinja  ,feet
Taz Angel,W SECURITY
COGS,W SECURITY
Brock,all security dayum
Peep Show,W security
eyeambanned,OKAYYYYYYYYYY
Van Halen,Respect
fable22,W
David Phillips,hes right there's skin deaseas out there put flip flops on
mfkaplays,W mans
Sameer Jadhav,SYDNEY TAKEOVER AND TTS ON SYDNEY TAKEOVER AND TTS ON SYDNEY TAKEOVER AND TTS ON SYDNEY TAKEOVER AND TTS ON SYDNEY TAKEOVER AND TTS ON SYDNEY TAKEOVER AND TTS ON SYDNEY TAKEOVER AND TTS ON
Siyanda Nxumalo,ğŸ–ğŸ–ğŸ–ğŸ–ğŸ–ğŸ–ğŸ–ğŸ–ğŸ–ğŸ–
Pigeonveli,Sides bigger there height
Ñ‚oÑ•hÎ¹,W security
Million,W
Ebk isaac ,Wwww
simplegoldfish,w
simplegoldfish,w
COGS,W SECURITY
Z-Man,W security
RavioliBandit,wwwww
Nabil Alazar,Nabil Alazar just became a member!
Axsax,Axsax just became a member!
Stickbug,Stickbug just became a member!
Deivisson ,"R$10.00 from Deivisson : ""Hello speed Sou do Brasil ğŸ‡§ğŸ‡· Um AbraÃ§o irmÃ£o"""
YTKing,YTKing just became a member!
NOT YOUR TYPE Clips,w
Ñ‚oÑ•hÎ¹,W speed
NOT YOUR TYPE Clips,w
Yecenia Serna,W
Samu,shhh
simplegoldfish,HENRY HAS AURA
Yecenia Serna,W
Foxy :3,W crew
VEGASDIDIT,I KNOW THAT KIDDD WTFF
Evil Nuke Gaming,W security in the chat
Yecenia Serna,W
NOT YOUR TYPE Clips,w
Robert Waked,W
GodsSecretWeap0n 333ğŸŒ¸,W SECURITY ğŸ’—âœ¨
Van Halen,W Security
Yecenia Serna,Ww
WASA RUBÄ°,ğŸ‡¹ğŸ‡·ğŸ‡¹ğŸ‡·ğŸ‡¹ğŸ‡·ğŸ‡¹ğŸ‡·ğŸ‡¹ğŸ‡·ğŸ‡¹ğŸ‡·ğŸ‡¹ğŸ‡·ğŸ‡¹ğŸ‡·ğŸ‡¹ğŸ‡·ğŸ‡¹ğŸ‡·ğŸ‡¹ğŸ‡·ğŸ‡¹ğŸ‡·ğŸ‡¹ğŸ‡·ğŸ‡¹ğŸ‡·ğŸ‡¹ğŸ‡·ğŸ‡¹ğŸ‡·ğŸ‡¹ğŸ‡·ğŸ‡¹ğŸ‡·ğŸ‡¹ğŸ‡·ğŸ‡¹ğŸ‡·ğŸ‡¹ğŸ‡·ğŸ‡¹ğŸ‡·ğŸ‡¹ğŸ‡·ğŸ‡¹ğŸ‡·ğŸ‡¹ğŸ‡·ğŸ‡¹ğŸ‡·ğŸ‡¹ğŸ‡·ğŸ‡¹ğŸ‡·ğŸ‡¹ğŸ‡·ğŸ‡¹ğŸ‡·ğŸ‡¹ğŸ‡·ğŸ‡¹ğŸ‡·ğŸ‡¹ğŸ‡·ğŸ‡¹ğŸ‡·ğŸ‡¹ğŸ‡·ğŸ‡¹ğŸ‡·ğŸ‡¹ğŸ‡·ğŸ‡¹ğŸ‡·ğŸ‡¹ğŸ‡·ğŸ‡¹ğŸ‡·
Yecenia Serna,W
Jayz Tyz,W security
Stand Up Comdiy /Ø³ØªØ§Ù†Ø¯ Ø§Ø¨ ÙƒÙˆÙ…ÙŠØ¯ÙŠ,W
Hazereki,W SECURITY
Sameer Jadhav,SYDNEY TAKEOVER AND TTS ON SYDNEY TAKEOVER AND TTS ON SYDNEY TAKEOVER AND TTS ON SYDNEY TAKEOVER AND TTS ON SYDNEY TAKEOVER AND TTS ON SYDNEY TAKEOVER AND TTS ON SYDNEY TAKEOVER AND TTS ON
COGS,W SECURITY
Yo Daddy,security had it on lockkkk
Deadly_wc,GREAT JOB SECURITY
itskotah,w
J blaze,L
Tupac,:_speedWWW::_speedWWW::_speedWWW::_speedWWW::_speedWWW::_speedWWW::_speedWWW:
ThatNinja  ,feet
Taz Angel,W SECURITY
COGS,W SECURITY
Brock,all security dayum
Peep Show,W security
eyeambanned,OKAYYYYYYYYYY
Van Halen,Respect
fable22,W
David Phillips,hes right there's skin deaseas out there put flip flops on
mfkaplays,W mans
Sameer Jadhav,SYDNEY TAKEOVER AND TTS ON SYDNEY TAKEOVER AND TTS ON SYDNEY TAKEOVER AND TTS ON SYDNEY TAKEOVER AND TTS ON SYDNEY TAKEOVER AND TTS ON SYDNEY TAKEOVER AND TTS ON SYDNEY TAKEOVER AND TTS ON
Siyanda Nxumalo,ğŸ–ğŸ–ğŸ–ğŸ–ğŸ–ğŸ–ğŸ–ğŸ–ğŸ–ğŸ–
Pigeonveli,Sides bigger there height
Ñ‚oÑ•hÎ¹,W security
Million,W
Ebk isaac ,Wwww
simplegoldfish,w
simplegoldfish,w
COGS,W SECURITY
Z-Man,W security
RavioliBandit,wwwww
ë”ë¹µë”ë¹µ,Hip Hop Speed
Yamen SQ,W
Vince Trujillo,W SECURITY
eyeambanned,OKAYYYYYY
tarantino,WWWWWW
Timothy L,w security
PAULOGEE ,w security
kanchi Pranay,w
Nothing Speed,W team
COGS,W SECURITY
UrFavorite Pre,chicago bad ass kidğŸ¤£
Seb Hiney,W security
Amen,W
FAETHFLEX,Y'ALL CRUSHED IT TODAY!
Brian To,w
Marvin _,W SECURITY
#ur. the maestro#,hi i'm cristiano
JADE Visuals,L camera man pic snipe
userr ,98.6 degrees in my body
Trevor Wicklund,W SECURITY W CITY
Nik0 ğŸ‡²ğŸ‡¾,Hi Twitch ğŸ‘‹
I want a raccon in GAGğŸ™‚,ğŸ–ğŸ–ğŸ–ğŸ–ğŸ–ğŸ–ğŸ–ğŸ–ğŸ–ğŸ–ğŸ–ğŸ–
Orlando Mandarin,THIS CITY IS SO WILD THEN IT'S GOOD
buried,W
LORDFROMUDD,W
Nabil Alazar,Nabil Alazar just became a member!
Axsax,Axsax just became a member!
Stickbug,Stickbug just became a member!
Deivisson ,"R$10.00 from Deivisson : ""Hello speed Sou do Brasil ğŸ‡§ğŸ‡· Um AbraÃ§o irmÃ£o"""
YTKing,YTKing just became a member!
Van Halen,Respect
fable22,W
David Phillips,hes right there's skin deaseas out there put flip flops on
mfkaplays,W mans
Sameer Jadhav,SYDNEY TAKEOVER AND TTS ON SYDNEY TAKEOVER AND TTS ON SYDNEY TAKEOVER AND TTS ON SYDNEY TAKEOVER AND TTS ON SYDNEY TAKEOVER AND TTS ON SYDNEY TAKEOVER AND TTS ON SYDNEY TAKEOVER AND TTS ON
Siyanda Nxumalo,ğŸ–ğŸ–ğŸ–ğŸ–ğŸ–ğŸ–ğŸ–ğŸ–ğŸ–ğŸ–
Pigeonveli,Sides bigger there height
Ñ‚oÑ•hÎ¹,W security
Million,W
Ebk isaac ,Wwww
simplegoldfish,w
simplegoldfish,w
COGS,W SECURITY
Z-Man,W security
RavioliBandit,wwwww
ë”ë¹µë”ë¹µ,Hip Hop Speed
Yamen SQ,W
Vince Trujillo,W SECURITY
eyeambanned,OKAYYYYYY
tarantino,WWWWWW
Timothy L,w security
PAULOGEE ,w security
kanchi Pranay,w
Nothing Speed,W team
COGS,W SECURITY
UrFavorite Pre,chicago bad ass kidğŸ¤£
Seb Hiney,W security
Amen,W
FAETHFLEX,Y'ALL CRUSHED IT TODAY!
Brian To,w
Marvin _,W SECURITY
#ur. the maestro#,hi i'm cristiano
JADE Visuals,L camera man pic snipe
userr ,98.6 degrees in my body
Trevor Wicklund,W SECURITY W CITY
Nik0 ğŸ‡²ğŸ‡¾,Hi Twitch ğŸ‘‹
I want a raccon in GAGğŸ™‚,ğŸ–ğŸ–ğŸ–ğŸ–ğŸ–ğŸ–ğŸ–ğŸ–ğŸ–ğŸ–ğŸ–ğŸ–
Orlando Mandarin,THIS CITY IS SO WILD THEN IT'S GOOD
buried,W
LORDFROMUDD,W
Sasukeonigiri,W
QUANDALE DINGLE,No L security
Sameer Jadhav,SYDNEY TAKEOVER AND TTS ON SYDNEY TAKEOVER AND TTS ON SYDNEY TAKEOVER AND TTS ON SYDNEY TAKEOVER AND TTS ON SYDNEY TAKEOVER AND TTS ON SYDNEY TAKEOVER AND TTS ON SYDNEY TAKEOVER AND TTS ON
Dr.sharkmonk,DON'T TAKE 3 CAPSULES A DAY ONLY ONE IT DAMAGES THE LIVER â€¼ï¸
Eleazar Kharlukhi,W
Foxy :3,W CREE
Weston Krajewski,L security
Yutesandwich,W security
Zeeshan Phansopkar,Love you my buddy â¤ï¸â¤ï¸â¤ï¸
PAULOGEE ,w security
PuttMeinCoach,W security!!!!!!!!
eyeambanned,OKAYYYY
snasty99,W Security
Morebabykib,Wsgg
Frank Oluwagbolahan,Jimmy
bratic ,W SECURITY
GodsSecretWeap0n 333ğŸŒ¸,BLACK EXCELLENCE
Chuck Glock,Needed them for their guns
Parthh,W security
FAETHFLEX,W SECURITY CHAT
Deadly_wc,W SECURITY
J blaze,Good L
Bowen,W Goodnight
Gamblerchannel,Ayo
Yamen SQ,W security
bigride87,Stop fighting security bro. You will never make it without them.
Trevor Wicklund,GREATEST CITY EVERRRRR
Buzz guy,ğŸ‡³ğŸ‡µ
tracyyy,speed is so small compared to them
Godaif TV,W security
Ray xd,w
Darek Dziatko,wwwwwwwwwwwwwwwwwwwwwwwwwwwwwwwwwwwwwwwwwwwwwwwwwwwwwwwwwwwwwwwwwwwwwwwwwwwwwwwwwwwwwwwwwwwwwwwwwwwwwwwwwwwwwwwwwwwwwwwwwwwwwwwwwwwwwwwwwwwwwwwwwwwwwwwwwwwwwwwwwwww2wwwwwww
RobloxGamer555,LET HERCULES TAKEOVER
Morebabykib,Speeeeeed
Nabil Alazar,Nabil Alazar just became a member!
Axsax,Axsax just became a member!
Stickbug,Stickbug just became a member!
Deivisson ,"R$10.00 from Deivisson : ""Hello speed Sou do Brasil ğŸ‡§ğŸ‡· Um AbraÃ§o irmÃ£o"""
YTKing,YTKing just became a member!
Seb Hiney,W security
Amen,W
FAETHFLEX,Y'ALL CRUSHED IT TODAY!
Brian To,w
Marvin _,W SECURITY
#ur. the maestro#,hi i'm cristiano
JADE Visuals,L camera man pic snipe
userr ,98.6 degrees in my body
Trevor Wicklund,W SECURITY W CITY
Nik0 ğŸ‡²ğŸ‡¾,Hi Twitch ğŸ‘‹
I want a raccon in GAGğŸ™‚,ğŸ–ğŸ–ğŸ–ğŸ–ğŸ–ğŸ–ğŸ–ğŸ–ğŸ–ğŸ–ğŸ–ğŸ–
Orlando Mandarin,THIS CITY IS SO WILD THEN IT'S GOOD
buried,W
LORDFROMUDD,W
Sasukeonigiri,W
QUANDALE DINGLE,No L security
Sameer Jadhav,SYDNEY TAKEOVER AND TTS ON SYDNEY TAKEOVER AND TTS ON SYDNEY TAKEOVER AND TTS ON SYDNEY TAKEOVER AND TTS ON SYDNEY TAKEOVER AND TTS ON SYDNEY TAKEOVER AND TTS ON SYDNEY TAKEOVER AND TTS ON
Dr.sharkmonk,DON'T TAKE 3 CAPSULES A DAY ONLY ONE IT DAMAGES THE LIVER â€¼ï¸
Eleazar Kharlukhi,W
Foxy :3,W CREE
Weston Krajewski,L security
Yutesandwich,W security
Zeeshan Phansopkar,Love you my buddy â¤ï¸â¤ï¸â¤ï¸
PAULOGEE ,w security
PuttMeinCoach,W security!!!!!!!!
eyeambanned,OKAYYYY
snasty99,W Security
Morebabykib,Wsgg
Frank Oluwagbolahan,Jimmy
bratic ,W SECURITY
GodsSecretWeap0n 333ğŸŒ¸,BLACK EXCELLENCE
Chuck Glock,Needed them for their guns
Parthh,W security
FAETHFLEX,W SECURITY CHAT
Deadly_wc,W SECURITY
J blaze,Good L
Bowen,W Goodnight
Gamblerchannel,Ayo
Yamen SQ,W security
bigride87,Stop fighting security bro. You will never make it without them.
Trevor Wicklund,GREATEST CITY EVERRRRR
Buzz guy,ğŸ‡³ğŸ‡µ
tracyyy,speed is so small compared to them
Godaif TV,W security
Ray xd,w
Darek Dziatko,wwwwwwwwwwwwwwwwwwwwwwwwwwwwwwwwwwwwwwwwwwwwwwwwwwwwwwwwwwwwwwwwwwwwwwwwwwwwwwwwwwwwwwwwwwwwwwwwwwwwwwwwwwwwwwwwwwwwwwwwwwwwwwwwwwwwwwwwwwwwwwwwwwwwwwwwwwwwwwwwwwww2wwwwwww
RobloxGamer555,LET HERCULES TAKEOVER
Morebabykib,Speeeeeed
Sameer Jadhav,SYDNEY TAKEOVER AND TTS ON SYDNEY TAKEOVER AND TTS ON SYDNEY TAKEOVER AND TTS ON SYDNEY TAKEOVER AND TTS ON SYDNEY TAKEOVER AND TTS ON SYDNEY TAKEOVER AND TTS ON SYDNEY TAKEOVER AND TTS ON
kanchi Pranay,w
SavaGGames,W SECURITY
Mister binn,W security
Bhuvan Saggamagunti,speed do something crazy bro this is boring to watch
"Ricardo J. Opido, PH. D.",sydney takeover
NONETHELESS,SPEED YOU LOVE PHILIPPINES?
Morebabykib,Wsgg
Quintavious Lemon,"""SHAKE MY HAND"""
ThatNinja  ,Bro got fent on feet now
Dr.sharkmonk,DON'T TAKE 3 CAPSULES A DAY ONLY ONE IT DAMAGES THE LIVER â€¼ï¸
TylxrğŸ–¤,W security
itskotah,w yo momma
Yamen SQ,W security
CFoeDrenchEm64,W security
Ø§Ù„Ù†Ù…Ø±_Tiger,w
Sasukeonigiri,Random lyrics
xxstaceybooxx,Security
NadeXSupriyo,ok
FAETHFLEX,W SECURITY
Reza KING,THATS CHUNKZ?
Aventador,W SECURITY
KT,W Henry
GodsSecretWeap0n 333ğŸŒ¸,BLACK EXCELLENCE
xNB3,OKAAAAAAAY
Morebabykib,Wsppp
Nabil Alazar,Nabil Alazar just became a member!
Axsax,Axsax just became a member!
Stickbug,Stickbug just became a member!
Deivisson ,"R$10.00 from Deivisson : ""Hello speed Sou do Brasil ğŸ‡§ğŸ‡· Um AbraÃ§o irmÃ£o"""
YTKing,YTKing just became a member!
PAULOGEE ,w security
PuttMeinCoach,W security!!!!!!!!
eyeambanned,OKAYYYY
snasty99,W Security
Morebabykib,Wsgg
Frank Oluwagbolahan,Jimmy
bratic ,W SECURITY
GodsSecretWeap0n 333ğŸŒ¸,BLACK EXCELLENCE
Chuck Glock,Needed them for their guns
Parthh,W security
FAETHFLEX,W SECURITY CHAT
Deadly_wc,W SECURITY
J blaze,Good L
Bowen,W Goodnight
Gamblerchannel,Ayo
Yamen SQ,W security
bigride87,Stop fighting security bro. You will never make it without them.
Trevor Wicklund,GREATEST CITY EVERRRRR
Buzz guy,ğŸ‡³ğŸ‡µ
tracyyy,speed is so small compared to them
Godaif TV,W security
Ray xd,w
Darek Dziatko,wwwwwwwwwwwwwwwwwwwwwwwwwwwwwwwwwwwwwwwwwwwwwwwwwwwwwwwwwwwwwwwwwwwwwwwwwwwwwwwwwwwwwwwwwwwwwwwwwwwwwwwwwwwwwwwwwwwwwwwwwwwwwwwwwwwwwwwwwwwwwwwwwwwwwwwwwwwwwwwwwwww2wwwwwww
RobloxGamer555,LET HERCULES TAKEOVER
Morebabykib,Speeeeeed
Sameer Jadhav,SYDNEY TAKEOVER AND TTS ON SYDNEY TAKEOVER AND TTS ON SYDNEY TAKEOVER AND TTS ON SYDNEY TAKEOVER AND TTS ON SYDNEY TAKEOVER AND TTS ON SYDNEY TAKEOVER AND TTS ON SYDNEY TAKEOVER AND TTS ON
kanchi Pranay,w
SavaGGames,W SECURITY
Mister binn,W security
Bhuvan Saggamagunti,speed do something crazy bro this is boring to watch
"Ricardo J. Opido, PH. D.",sydney takeover
NONETHELESS,SPEED YOU LOVE PHILIPPINES?
Morebabykib,Wsgg
Quintavious Lemon,"""SHAKE MY HAND"""
ThatNinja  ,Bro got fent on feet now
Dr.sharkmonk,DON'T TAKE 3 CAPSULES A DAY ONLY ONE IT DAMAGES THE LIVER â€¼ï¸
TylxrğŸ–¤,W security
itskotah,w yo momma
Yamen SQ,W security
CFoeDrenchEm64,W security
Ø§Ù„Ù†Ù…Ø±_Tiger,w
Sasukeonigiri,Random lyrics
xxstaceybooxx,Security
NadeXSupriyo,ok
FAETHFLEX,W SECURITY
Reza KING,THATS CHUNKZ?
Aventador,W SECURITY
KT,W Henry
GodsSecretWeap0n 333ğŸŒ¸,BLACK EXCELLENCE
xNB3,OKAAAAAAAY
Morebabykib,Wsppp
SkySage,W
Karitheachiever,"Honestly Security,Bus driver and the production(even though they fucked up a few times) team doing a amazing job"
Z-Man,W Chicago
ë”ë¹µë”ë¹µ,Ha Ha
Ñ‚oÑ•hÎ¹,SYDNEY TAKEOVER
Flexing Jr,IS NOT SECURITY IS BODYGUARDSS MOB SHIT
eyeambanned,OKAYYYYYY
Jonathan The Movie Collector And Enthusiast,Speed is crying
Kyle,W SECURITY
Shadow,RONALDINHO ğŸ˜ğŸ˜ğŸ˜ğŸ˜ğŸ˜ğŸ˜ğŸ˜ğŸ˜ğŸ˜ğŸ˜ğŸ˜ğŸ˜ğŸ˜ğŸ˜ğŸ˜ğŸ˜ğŸ˜ğŸ˜ğŸ˜ğŸ˜ğŸ˜ğŸ˜ğŸ˜ğŸ˜ğŸ˜ğŸ˜ğŸ˜ğŸ˜ğŸ˜ğŸ˜ğŸ˜ğŸ˜ğŸ˜ğŸ˜ğŸ˜ğŸ˜ğŸ˜ğŸ˜ğŸ˜ğŸ˜ğŸ˜ğŸ˜ğŸ˜ğŸ˜ğŸ˜ğŸ˜ğŸ˜ğŸ˜ğŸ˜ğŸ˜ğŸ˜ğŸ˜ğŸ˜ğŸ˜ğŸ˜ğŸ˜
tracyyy,speed is so small compared to them
PiffNoodles,chinese phone
FREEMELLY,WW SECURITY
Persso,W
Ray xd,w
Yamen SQ,W security
Sameer Jadhav,SYDNEY TAKEOVER AND TTS ON SYDNEY TAKEOVER AND TTS ON SYDNEY TAKEOVER AND TTS ON SYDNEY TAKEOVER AND TTS ON SYDNEY TAKEOVER AND TTS ON SYDNEY TAKEOVER AND TTS ON SYDNEY TAKEOVER AND TTS ON
2utopia,JUST FOUND A VIDEO OF YOU BEING AN AWESOME PERSON AND NOW HERE I AM <3'
Hazereki,YES BLACK EXCELLENCE
Darek Dziatko,wwwwwwwwwwwwwwwwwwwwwwwwwwwwwwwwwwwwwwwwwwwwwwwwwwwwwwwwwwwwwwwwwwwwwwwwwwwwwwwwwwwwwwwwwwwwwwwwwwwwwwwwwwwwwwwwwwwwwwwwwwwwwwwwwwwwwwwwwwwwwwwwwwwwwwwwwwwwwwwwwwww2wwwwwww
Dr.sharkmonk,DON'T TAKE 3 CAPSULES A DAY ONLY ONE IT DAMAGES THE LIVER â€¼ï¸
Spicy Lasagna Noodles,W SECURITY
MR. Who,IRL
Nabil Alazar,Nabil Alazar just became a member!
Axsax,Axsax just became a member!
Stickbug,Stickbug just became a member!
Deivisson ,"R$10.00 from Deivisson : ""Hello speed Sou do Brasil ğŸ‡§ğŸ‡· Um AbraÃ§o irmÃ£o"""
YTKing,YTKing just became a member!
Bhuvan Saggamagunti,speed do something crazy bro this is boring to watch
"Ricardo J. Opido, PH. D.",sydney takeover
NONETHELESS,SPEED YOU LOVE PHILIPPINES?
Morebabykib,Wsgg
Quintavious Lemon,"""SHAKE MY HAND"""
ThatNinja  ,Bro got fent on feet now
Dr.sharkmonk,DON'T TAKE 3 CAPSULES A DAY ONLY ONE IT DAMAGES THE LIVER â€¼ï¸
TylxrğŸ–¤,W security
itskotah,w yo momma
Yamen SQ,W security
CFoeDrenchEm64,W security
Ø§Ù„Ù†Ù…Ø±_Tiger,w
Sasukeonigiri,Random lyrics
xxstaceybooxx,Security
NadeXSupriyo,ok
FAETHFLEX,W SECURITY
Reza KING,THATS CHUNKZ?
Aventador,W SECURITY
KT,W Henry
GodsSecretWeap0n 333ğŸŒ¸,BLACK EXCELLENCE
xNB3,OKAAAAAAAY
Morebabykib,Wsppp
SkySage,W
Karitheachiever,"Honestly Security,Bus driver and the production(even though they fucked up a few times) team doing a amazing job"
Z-Man,W Chicago
ë”ë¹µë”ë¹µ,Ha Ha
Ñ‚oÑ•hÎ¹,SYDNEY TAKEOVER
Flexing Jr,IS NOT SECURITY IS BODYGUARDSS MOB SHIT
eyeambanned,OKAYYYYYY
Jonathan The Movie Collector And Enthusiast,Speed is crying
Kyle,W SECURITY
Shadow,RONALDINHO ğŸ˜ğŸ˜ğŸ˜ğŸ˜ğŸ˜ğŸ˜ğŸ˜ğŸ˜ğŸ˜ğŸ˜ğŸ˜ğŸ˜ğŸ˜ğŸ˜ğŸ˜ğŸ˜ğŸ˜ğŸ˜ğŸ˜ğŸ˜ğŸ˜ğŸ˜ğŸ˜ğŸ˜ğŸ˜ğŸ˜ğŸ˜ğŸ˜ğŸ˜ğŸ˜ğŸ˜ğŸ˜ğŸ˜ğŸ˜ğŸ˜ğŸ˜ğŸ˜ğŸ˜ğŸ˜ğŸ˜ğŸ˜ğŸ˜ğŸ˜ğŸ˜ğŸ˜ğŸ˜ğŸ˜ğŸ˜ğŸ˜ğŸ˜ğŸ˜ğŸ˜ğŸ˜ğŸ˜ğŸ˜ğŸ˜
tracyyy,speed is so small compared to them
PiffNoodles,chinese phone
FREEMELLY,WW SECURITY
Persso,W
Ray xd,w
Yamen SQ,W security
Sameer Jadhav,SYDNEY TAKEOVER AND TTS ON SYDNEY TAKEOVER AND TTS ON SYDNEY TAKEOVER AND TTS ON SYDNEY TAKEOVER AND TTS ON SYDNEY TAKEOVER AND TTS ON SYDNEY TAKEOVER AND TTS ON SYDNEY TAKEOVER AND TTS ON
2utopia,JUST FOUND A VIDEO OF YOU BEING AN AWESOME PERSON AND NOW HERE I AM <3'
Hazereki,YES BLACK EXCELLENCE
Darek Dziatko,wwwwwwwwwwwwwwwwwwwwwwwwwwwwwwwwwwwwwwwwwwwwwwwwwwwwwwwwwwwwwwwwwwwwwwwwwwwwwwwwwwwwwwwwwwwwwwwwwwwwwwwwwwwwwwwwwwwwwwwwwwwwwwwwwwwwwwwwwwwwwwwwwwwwwwwwwwwwwwwwwwww2wwwwwww
Dr.sharkmonk,DON'T TAKE 3 CAPSULES A DAY ONLY ONE IT DAMAGES THE LIVER â€¼ï¸
Spicy Lasagna Noodles,W SECURITY
MR. Who,IRL
prodxHEC,Drake headlines video ah pic
eyeambanned,OKAYYYYY
Eduardo,everyone safe W
Anthony Chavez,Okaaayyy. Fck it up fck it up
Chiraqqeditss,W
FAETHFLEX,CAM @
Jay Nice,W security
jennifer smith,BLACK?
Ñ‚oÑ•hÎ¹,SYDNEY TAKEOVER SYDNEY TAKEOVER
Sameer Jadhav,SYDNEY TAKEOVER AND TTS ON SYDNEY TAKEOVER AND TTS ON SYDNEY TAKEOVER AND TTS ON SYDNEY TAKEOVER AND TTS ON SYDNEY TAKEOVER AND TTS ON SYDNEY TAKEOVER AND TTS ON SYDNEY TAKEOVER AND TTS ON
Randy Kitchleburger,that is crazy 4 monitors
WanderBread,WS
Chiraqqeditss,W
fable22,L JAMAL
Imchrqs,W security
First Lady,Noooo stay on stream
PiffNoodles,chinese phone
FAETHFLEX,CAM 2
Jonathan The Movie Collector And Enthusiast,Okayy
J blaze,L simp chat
J Webb,Got the Bears Offensive Line as security
K Boss,/cam2
MR. Who,IRL
INFINITY CREATIONS,indiaaaaa broooo
Mogul,Sydney takeover and tts on
Randy ,WseqWWWWWWWWWWWWWWWWWWWWWWWWWWWWWWWWWW
MIKEY,Chinese phone
Ñ‚oÑ•hÎ¹,SYDNEY TAKEOVER
Yamen SQ,W LEGENDS
